{"text": " \u3147\u3147", "segments": [{"id": 0, "seek": 0, "start": 0.0, "end": 3.58, "text": " \u3147\u3147", "tokens": [50364, 40978, 229, 4143, 229, 50543], "temperature": 1.0, "avg_logprob": -2.5529515402657643, "compression_ratio": 0.42857142857142855, "no_speech_prob": 0.4790169596672058}], "language": "ko"}